order_year,order_month,monthly_revenue,order_volume
2022,1,434380776.921875,385
2022,2,360662633.6542969,335
2022,3,498841078.484375,390
2022,4,677591001.2109375,366
2022,5,529584337.5467529,392
2022,6,389689100.2211914,362
2022,7,441601900.4736328,388
2022,8,686111143.28125,128
2022,9,658255756.4609375,112
2022,10,124020092.09375,114
2022,11,142788642.12109375,117
2022,12,107766595.46533203,113
