payment_method,total_revenue
cod,2892662961.2143307
Payaxis,2352204966.8652344
jazzvoucher,1178388692.953125
Easypay,793691775.6640625
ublcreditcard,371947388
mygateway,332155502
internetbanking,120051474
Easypay_MA,102204665.4375
mcblite,90465732
cashatdoorstep,85083334
customercredit,78152322.125
jazzwallet,70729413.015625
easypay_voucher,26979512
financesettlement,19614788
marketingexpense,587250
productcredit,334602
